INSERT INTO accounts VALUES
('0856014056','Nguyen Van A','123456','0'),
('0478624536','Tran Thi B','111111','0'),
('0588624536','Nguyen Thi C','abcdef','1'),
('0557528186','Tran Van D','058862453623','1'),
('0846852856','Pham Van E','123abc','0'),
('0455972695','Le Thi F','456def','0'),
('0758924234','Ngo Thi G','ghf123','0'),
('0427745689','Nguyen Van H','hfg456','1'),
('0454925648','Tran Thi K','lmn789','1'),
('0489667658','Le Trung Dung','super123','2'),
('0257966245','Vu Tuan Khai','0257966245123','0'),
('0488551356','Vuong Nhat Bac','edit123','1'),
('0876214528','Lo Tuan Anh','ana123','1'),
('0423876388','Le Thu Hai','pass123','0');


INSERT INTO tablefoods VALUES
('1','Bàn số 1','0'),
('2','Bàn số 2','0'),
('3','Bàn số 3','0'),
('4','Bàn số 4','0'),
('5','Bàn số 5','0'),
('6','Bàn số 6','0'),
('7','Bàn số 7','0'),
('8','Bàn số 8','0'),
('9','Bàn số 9','0'),
('10','Bàn số 10','0'),
('11','Bàn số 11','0'),
('12','Bàn số 12','0'),
('13','Bàn số 13','0'),
('14','Bàn số 14','0'),
('15','Bàn số 15','0'),
('16','Bàn số 16','0'),
('17','Bàn số 17','0'),
('18','Bàn số 18','0'),
('19','Bàn số 19','0'),
('20','Bàn số 20','0'),
('21','Bàn số 21','0'),
('22','Bàn số 22','0'),
('23','Bàn số 23','0'),
('24','Bàn số 24','0'),
('25','Bàn số 25','0'),
('26','Bàn số 26','0'),
('27','Bàn số 27','0'),
('28','Bàn số 28','0'),
('29','Bàn số 29','0'),
('30','Bàn số 30','0');


INSERT INTO foodcategorys VALUES
('1','Đồ ăn nhanh'),
('2','Đồ ăn chay'),
('3','Thức uống'),
('4','Món tráng miệng');



INSERT INTO foods VALUES
('1','Cơm chiên','1','50000'),
('2','Hamburger bò','1','80000'),
('3','Bánh mì thịt','1','30000'),
('4','Khoai tây chiên','1','30000'),
('5','Bánh mì trứng','1','30000'),
('6','Cà phê sữa đá','3','25000'),
('7','Trà đào cam sả','3','35000'),
('8','Kem dâu tây','4','45000'),
('9','Bánh chuối nướng','4','40000'),
('10','Gà rán','1','70000'),
('11','Bánh bao','1','25000'),
('12','Cơm rang thập cẩm','1','55000'),
('13','Bánh canh','1','45000'),
('14','Trà sữa','3','20000'),
('15','Nước cam','3','20000'),
('16','Nước lọc','3','10000'),
('17','Bánh kem trái cây','4','55000'),
('18','Bánh flan trứng','4','30000');

INSERT INTO Bills VALUES
('1','0856014056','9:00:00','12:30:00','20-06-2023','1','1'),
('2','0478624536','10:00:00','2:00:00','20-06-2023','2','1'),
('3','0846852856','11:30:00','2:30:00','20-06-2023','3','1'),
('4','0455972695','12:00:00','00:00:00','20-06-2023','4','1'),
('5','0758924234','2:00:00','00:00:00','20-06-2023','5','1'),
('6','0257966245','3:00:00','00:00:00','20-06-2023','6','1'),
('7','0423876388','4:00:00','00:00:00','20-06-2023','7','1'),
('8','0856014056','4:30:00','00:00:00','20-06-2023','8','1'),
('9','0478624536','9:30:00','00:00:00','21-06-2023','1','1'),
('10','0846852856','10:30:00','00:00:00','21-06-2023','2','1'),
('11','0455972695','11:00:00','00:00:00','21-06-2023','3','1'),
('12','0758924234','11:30:00','00:00:00','21-06-2023','4','1'),
('13','0257966245','12:00:00','00:00:00','21-06-2023','5','1'),
('14','0423876388','1:00:00','00:00:00','21-06-2023','6','1'),
('15','0856014056','2:00:00','00:00:00','21-06-2023','7','1'),
('16','0478624536','3:30:00','00:00:00','21-06-2023','8','1'),
('17','0846852856','9:00:00','00:00:00','22-06-2023','1','1'),
('18','0455972695','10:00:00','12:00:00','22-06-2023','2','1'),
('19','0758924234','10:30:00','00:00:00','22-06-2023','3','1'),
('20','0257966245','11:00:00','00:00:00','22-06-2023','4','1'),
('21','0423876388','12:00:00','00:00:00','22-06-2023','5','1'),
('22','0856014056','1:00:00','4:00:00','22-06-2023','6','1'),
('23','0478624536','2:00:00','00:00:00','22-06-2023','7','1'),
('24','0846852856','3:00:00','00:00:00','22-06-2023','8','1'),
('25','0455972695','12:30:00','00:00:00','23-06-2023','1','1'),
('26','0758924234','1:00:00','00:00:00','23-06-2023','2','1'),
('27','0257966245','2:30:00','00:00:00','23-06-2023','3','1'),
('28','0423876388','3:00:00','00:00:00','23-06-2023','4','1'),
('29','0856014056','4:00:00','00:00:00','23-06-2023','5','1'),
('30','0478624536','4:30:00','00:00:00','23-06-2023','6','1'),
('31','0846852856','5:00:00','00:00:00','23-06-2023','7','1'),
('32','0455972695','6:00:00','00:00:00','23-06-2023','8','1'),
('33','0758924234','9:00:00','00:00:00','24-06-2023','1','1'),
('34','0257966245','10:00:00','00:00:00','24-06-2023','2','1'),
('35','0423876388','11:00:00','00:00:00','24-06-2023','3','1'),
('36','0856014056','12:00:00','00:00:00','24-06-2023','4','1'),
('37','0478624536','1:00:00','00:00:00','24-06-2023','5','1'),
('38','0846852856','2:00:00','00:00:00','24-06-2023','6','1'),
('39','0455972695','2:30:00','00:00:00','24-06-2023','7','1'),
('40','0758924234','4:00:00','00:00:00','24-06-2023','8','1'),
('41','0257966245','9:30:00','00:00:00','25-06-2023','1','1'),
('42','0423876388','10:30:00','00:00:00','25-06-2023','2','1'),
('43','0856014056','11:30:00','00:00:00','25-06-2023','3','1'),
('44','0478624536','12:30:00','00:00:00','25-06-2023','4','1'),
('45','0846852856','2:00:00','00:00:00','25-06-2023','5','1'),
('46','0455972695','3:30:00','00:00:00','25-06-2023','6','1'),
('47','0758924234','5:00:00','00:00:00','25-06-2023','7','1'),
('48','0257966245','6:30:00','00:00:00','25-06-2023','8','1'),
('49','0423876388','10:00:00','2:00:00','26-06-2023','1','1'),
('50','0856014056','11:00:00','2:30:00','26-06-2023','2','1'),
('51','0478624536','12:00:00','00:00:00','26-06-2023','3','1'),
('52','0846852856','1:00:00','00:00:00','26-06-2023','4','1'),
('53','0455972695','3:00:00','00:00:00','26-06-2023','5','1'),
('54','0758924234','4:00:00','00:00:00','26-06-2023','6','1'),
('55','0257966245','5:00:00','00:00:00','26-06-2023','7','1'),
('56','0423876388','6:30:00','00:00:00','26-06-2023','8','1'),
('57','0856014056','9:00:00','00:00:00','27-06-2023','1','1'),
('58','0478624536','10:00:00','00:00:00','27-06-2023','2','1'),
('59','0846852856','11:00:00','00:00:00','27-06-2023','3','1'),
('60','0455972695','12:00:00','00:00:00','27-06-2023','4','1'),
('61','0758924234','1:00:00','00:00:00','27-06-2023','5','1'),
('62','0257966245','2:00:00','00:00:00','27-06-2023','6','1'),
('63','0423876388','3:00:00','00:00:00','27-06-2023','7','1'),
('64','0856014056','4:00:00','00:00:00','27-06-2023','8','1'),
('65','0478624536','9:30:00','00:00:00','28-06-2023','9','1'),
('66','0846852856','10:30:00','00:00:00','28-06-2023','10','1'),
('67','0455972695','11:30:00','00:00:00','28-06-2023','11','1'),
('68','0758924234','12:30:00','00:00:00','28-06-2023','12','1'),
('69','0257966245','1:30:00','00:00:00','28-06-2023','13','1'),
('70','0423876388','2:30:00','00:00:00','28-06-2023','14','1'),
('71','0856014056','3:30:00','00:00:00','28-06-2023','15','1'),
('72','0478624536','4:30:00','00:00:00','28-06-2023','16','1'),
('73','0846852856','9:00:00','00:00:00','29-06-2023','17','1'),
('74','0455972695','10:00:00','00:00:00','29-06-2023','18','1'),
('75','0758924234','11:00:00','00:00:00','29-06-2023','19','1'),
('76','0257966245','12:00:00','00:00:00','29-06-2023','20','1'),
('77','0423876388','1:00:00','00:00:00','29-06-2023','21','1'),
('78','0856014056','2:00:00','00:00:00','29-06-2023','22','1'),
('79','0478624536','3:00:00','00:00:00','29-06-2023','23','1'),
('80','0846852856','4:00:00','00:00:00','29-06-2023','24','1'),
('81','0455972695','9:30:00','00:00:00','30-06-2023','25','1'),
('82','0758924234','10:30:00','00:00:00','30-06-2023','26','1'),
('83','0257966245','11:30:00','00:00:00','30-06-2023','27','1'),
('84','0423876388','12:30:00','00:00:00','30-06-2023','28','1'),
('85','0856014056','1:30:00','00:00:00','30-06-2023','29','1'),
('86','0478624536','2:30:00','00:00:00','30-06-2023','30','1'),
('87','0846852856','3:30:00','00:00:00','30-06-2023','1','1'),
('88','0455972695','4:30:00','00:00:00','30-06-2023','2','1');


INSERT INTO Billinfos VALUES
('1','17','1'),
('1','8','2'),
('1','1','1'),
('2','10','1'),
('2','8','1'),
('2','11','2'),
('2','6','2'),
('2','9','2'),
('2','7','1'),
('3','5','2'),
('3','6','1'),
('3','18','2'),
('3','8','1'),
('3','3','1'),
('4','5','1'),
('4','14','2'),
('4','12','2'),
('4','7','1'),
('4','6','2'),
('4','8','1'),
('5','18','1'),
('5','2','1'),
('5','10','2'),
('5','16','2'),
('6','10','1'),
('6','9','2'),
('6','18','1'),
('7','9','2'),
('7','1','2'),
('7','16','1'),
('8','3','2'),
('8','15','2'),
('8','18','2'),
('8','7','2'),
('9','11','1'),
('9','9','1'),
('9','5','1'),
('10','5','2'),
('10','10','1'),
('10','13','2'),
('10','17','2'),
('11','14','1'),
('11','10','2'),
('11','1','2'),
('11','13','1'),
('12','11','1'),
('12','15','2'),
('12','12','1'),
('13','4','1'),
('13','2','2'),
('14','18','2'),
('14','2','1'),
('14','6','1'),
('14','14','2'),
('15','17','1'),
('15','6','1'),
('16','4','2'),
('16','18','1'),
('16','12','1'),
('16','16','2'),
('16','1','1'),
('16','7','2'),
('17','12','2'),
('17','14','1'),
('17','7','1'),
('17','13','1'),
('17','2','1'),
('18','10','1'),
('18','1','1'),
('18','4','1'),
('19','7','2'),
('19','12','1'),
('19','13','1'),
('19','8','2'),
('19','11','2'),
('19','1','2'),
('20','18','1'),
('20','7','2'),
('20','16','2'),
('20','4','2'),
('21','12','2'),
('21','14','2'),
('21','5','2'),
('22','9','1'),
('22','8','2'),
('23','2','1'),
('23','15','1'),
('23','9','1'),
('23','14','1'),
('23','1','2'),
('23','17','2'),
('24','8','1'),
('24','4','1'),
('24','12','1'),
('24','2','2'),
('25','14','1'),
('26','4','1'),
('26','16','1'),
('27','18','1'),
('27','12','2'),
('27','7','2'),
('27','9','2'),
('28','10','1'),
('28','7','2'),
('28','6','2'),
('29','17','1'),
('29','14','1'),
('30','4','1'),
('31','4','1'),
('31','2','2'),
('31','3','1'),
('31','16','2'),
('31','6','1'),
('32','1','2'),
('32','8','2'),
('32','9','1'),
('32','11','1'),
('32','3','2'),
('32','7','1'),
('32','14','2'),
('33','8','2'),
('33','7','2'),
('33','12','1'),
('33','9','1'),
('33','2','1'),
('34','8','1'),
('34','12','2'),
('34','5','2'),
('34','16','2'),
('35','3','2'),
('35','2','2'),
('35','12','1'),
('35','11','2'),
('35','6','2'),
('35','16','2'),
('36','9','2'),
('37','18','1'),
('37','12','2'),
('37','10','1'),
('37','8','2'),
('38','9','2'),
('38','7','2'),
('38','8','2'),
('38','17','1'),
('38','12','2'),
('38','2','1'),
('38','10','2'),
('39','14','2'),
('39','5','1'),
('39','1','2'),
('39','15','1'),
('40','16','2'),
('40','18','1'),
('40','17','2'),
('40','3','2'),
('40','10','2'),
('41','6','2'),
('41','1','1'),
('41','16','2'),
('41','10','1'),
('42','7','1'),
('42','2','2'),
('42','3','1'),
('42','10','1'),
('42','11','2'),
('42','13','2'),
('43','13','2'),
('43','14','2'),
('43','10','1'),
('43','9','2'),
('43','11','1'),
('43','4','2'),
('44','15','1'),
('45','3','1'),
('45','10','2'),
('45','2','2'),
('45','16','1'),
('46','11','1'),
('46','16','1'),
('46','10','1'),
('46','8','2'),
('47','12','1'),
('47','16','2'),
('47','5','1'),
('47','7','1'),
('48','3','2'),
('48','9','1'),
('48','14','1'),
('49','5','1'),
('50','3','1'),
('50','15','2'),
('50','1','2'),
('50','14','2'),
('50','16','1'),
('51','13','1'),
('51','9','1'),
('51','3','1'),
('52','6','2'),
('52','13','2'),
('52','9','2'),
('52','18','1'),
('52','10','2'),
('52','17','2'),
('54','12','1'),
('54','7','2'),
('54','17','2'),
('54','3','2'),
('54','15','1'),
('54','8','1'),
('55','1','2'),
('55','7','2'),
('55','4','1'),
('55','15','1'),
('55','5','1'),
('56','18','2'),
('57','9','2'),
('57','8','2'),
('58','1','2'),
('58','6','1'),
('58','16','2'),
('59','11','1'),
('59','6','2'),
('59','8','2'),
('60','1','1'),
('60','11','1'),
('60','17','1'),
('60','4','1'),
('60','8','1'),
('60','12','1'),
('60','18','2'),
('61','14','1'),
('61','7','2'),
('61','15','2'),
('61','9','2'),
('61','8','2'),
('62','9','2'),
('62','12','1'),
('62','5','2'),
('62','1','1'),
('62','11','2'),
('62','6','1'),
('63','4','1'),
('63','12','1'),
('63','9','2'),
('64','2','1'),
('64','5','2'),
('64','10','2'),
('64','17','2'),
('64','15','2'),
('65','14','2'),
('65','15','1'),
('65','16','2'),
('65','4','1'),
('65','9','1'),
('65','3','1'),
('66','2','1'),
('66','10','1'),
('66','16','1'),
('66','4','2'),
('67','10','2'),
('67','11','1'),
('68','6','2'),
('68','2','2'),
('68','15','2'),
('68','16','2'),
('68','13','1'),
('69','13','2'),
('69','2','2'),
('70','9','1'),
('70','10','2'),
('70','12','1'),
('70','16','1'),
('70','7','2'),
('71','17','1'),
('71','16','1'),
('71','12','2'),
('72','10','1'),
('72','12','2'),
('72','13','2'),
('72','5','1'),
('72','15','1'),
('73','1','1'),
('73','17','2'),
('73','13','2'),
('73','2','2'),
('73','15','1'),
('73','6','2'),
('74','7','2'),
('74','10','1'),
('74','2','1'),
('75','5','2'),
('75','17','2'),
('76','3','1'),
('76','8','2'),
('76','18','2'),
('76','13','2'),
('76','12','1'),
('77','2','2'),
('77','16','1'),
('77','3','1'),
('78','15','2'),
('78','13','1'),
('78','8','2'),
('78','6','2'),
('78','11','2'),
('78','18','2'),
('79','2','2'),
('79','11','1'),
('79','12','2'),
('80','3','2'),
('80','8','2'),
('80','17','2'),
('80','4','2'),
('80','11','1'),
('81','6','2'),
('81','16','2'),
('81','9','2'),
('82','4','1'),
('82','7','2'),
('82','2','1'),
('82','9','1'),
('82','8','2'),
('83','13','1'),
('83','3','2'),
('83','12','2'),
('83','18','2'),
('83','14','2'),
('84','4','1'),
('84','3','1'),
('84','10','1'),
('85','1','1'),
('85','11','1'),
('85','16','2'),
('86','17','2'),
('86','10','2'),
('86','15','1'),
('86','5','1'),
('86','11','2'),
('86','6','2'),
('86','4','2'),
('86','12','2'),
('87','10','2'),
('87','7','2'),
('88','3','2'),
('88','16','1');

UPDATE Billinfos
SET status = '1';
SELECT setval('bills_billid_seq', (SELECT MAX(billid) FROM Bills));
SELECT setval('foodCategorys_categoryid_seq', (SELECT MAX(categoryid) FROM foodcategorys));
SELECT setval('foods_foodid_seq', (SELECT MAX(foodid) FROM foods));
UPDATE bills
SET status = '0';
UPDATE bills
SET status = '1';